任务ID,步骤,步骤名称,任务类型,任务名称,描述,状态,优先级,截止日期,负责人
2024年Q4用户增长项目-20260713224728-1,1,增长目标与北极星指标设定,objective,确定反映产品核心价值的北极星指标,步骤1目标: 确定反映产品核心价值的北极星指标,pending,high,2024-10-03,
2024年Q4用户增长项目-20260713224728-2,1,增长目标与北极星指标设定,objective,将北极星指标拆解为可执行的增长目标,步骤1目标: 将北极星指标拆解为可执行的增长目标,pending,high,2024-10-03,
2024年Q4用户增长项目-20260713224728-3,1,增长目标与北极星指标设定,objective,建立增长目标追踪机制,步骤1目标: 建立增长目标追踪机制,pending,high,2024-10-03,
2024年Q4用户增长项目-20260713224728-4,1,增长目标与北极星指标设定,operation,北极星指标确定,步骤1操作: 北极星指标确定,pending,medium,2024-10-04,
2024年Q4用户增长项目-20260713224728-5,1,增长目标与北极星指标设定,operation,理解产品核心价值：产品为用户创造的核心价值是什么？,步骤1操作: 理解产品核心价值：产品为用户创造的核心价值是什么？,pending,medium,2024-10-04,
2024年Q4用户增长项目-20260713224728-6,1,增长目标与北极星指标设定,operation,候选指标梳理：列出 5-10 个候选指标,步骤1操作: 候选指标梳理：列出 5-10 个候选指标,pending,medium,2024-10-04,
2024年Q4用户增长项目-20260713224728-7,1,增长目标与北极星指标设定,operation,指标筛选：按以下标准筛选,步骤1操作: 指标筛选：按以下标准筛选,pending,medium,2024-10-04,
2024年Q4用户增长项目-20260713224728-8,1,增长目标与北极星指标设定,operation,反映核心价值：指标是否体现了用户获得的核心价值？,步骤1操作: 反映核心价值：指标是否体现了用户获得的核心价值？,pending,medium,2024-10-04,
2024年Q4用户增长项目-20260713224728-9,1,增长目标与北极星指标设定,operation,可衡量：指标是否可以准确测量？,步骤1操作: 可衡量：指标是否可以准确测量？,pending,medium,2024-10-04,
2024年Q4用户增长项目-20260713224728-10,1,增长目标与北极星指标设定,operation,可操作：团队是否能通过行动影响该指标？,步骤1操作: 可操作：团队是否能通过行动影响该指标？,pending,medium,2024-10-04,
2024年Q4用户增长项目-20260713224728-11,1,增长目标与北极星指标设定,operation,确定北极星指标：最终确定 1 个核心指标,步骤1操作: 确定北极星指标：最终确定 1 个核心指标,pending,medium,2024-10-04,
2024年Q4用户增长项目-20260713224728-12,1,增长目标与北极星指标设定,operation,指标拆解,步骤1操作: 指标拆解,pending,medium,2024-10-04,
2024年Q4用户增长项目-20260713224728-13,1,增长目标与北极星指标设定,operation,拆解为二级指标：将北极星指标拆解为 3-5 个二级指标,步骤1操作: 拆解为二级指标：将北极星指标拆解为 3-5 个二级指标,pending,medium,2024-10-04,
2024年Q4用户增长项目-20260713224728-14,1,增长目标与北极星指标设定,operation,拆解为三级指标：将二级指标进一步拆解为可执行的三级指标,步骤1操作: 拆解为三级指标：将二级指标进一步拆解为可执行的三级指标,pending,medium,2024-10-04,
2024年Q4用户增长项目-20260713224728-15,1,增长目标与北极星指标设定,operation,建立指标树：形成完整的指标拆解树,步骤1操作: 建立指标树：形成完整的指标拆解树,pending,medium,2024-10-04,
2024年Q4用户增长项目-20260713224728-16,1,增长目标与北极星指标设定,operation,明确指标定义：每个指标须有明确的定义与计算公式,步骤1操作: 明确指标定义：每个指标须有明确的定义与计算公式,pending,medium,2024-10-04,
2024年Q4用户增长项目-20260713224728-17,1,增长目标与北极星指标设定,operation,增长目标设定,步骤1操作: 增长目标设定,pending,medium,2024-10-04,
2024年Q4用户增长项目-20260713224728-18,1,增长目标与北极星指标设定,operation,设定阶段性目标：季度 / 月度目标,步骤1操作: 设定阶段性目标：季度 / 月度目标,pending,medium,2024-10-04,
2024年Q4用户增长项目-20260713224728-19,1,增长目标与北极星指标设定,operation,设定分渠道目标：各渠道的获客与转化目标,步骤1操作: 设定分渠道目标：各渠道的获客与转化目标,pending,medium,2024-10-04,
2024年Q4用户增长项目-20260713224728-20,1,增长目标与北极星指标设定,operation,设定实验目标：每阶段要验证的增长假设,步骤1操作: 设定实验目标：每阶段要验证的增长假设,pending,medium,2024-10-04,
2024年Q4用户增长项目-20260713224728-21,1,增长目标与北极星指标设定,operation,2.3 北极星指标参考,步骤1操作: 2.3 北极星指标参考,pending,medium,2024-10-04,
2024年Q4用户增长项目-20260713224728-22,1,增长目标与北极星指标设定,operation,**北极星指标**,步骤1操作: **北极星指标**,pending,medium,2024-10-04,
2024年Q4用户增长项目-20260713224728-23,1,增长目标与北极星指标设定,operation,指标名称：_______________,步骤1操作: 指标名称：_______________,pending,medium,2024-10-04,
2024年Q4用户增长项目-20260713224728-24,1,增长目标与北极星指标设定,operation,指标定义：_______________,步骤1操作: 指标定义：_______________,pending,medium,2024-10-04,
2024年Q4用户增长项目-20260713224728-25,1,增长目标与北极星指标设定,operation,当前值：_______________,步骤1操作: 当前值：_______________,pending,medium,2024-10-04,
2024年Q4用户增长项目-20260713224728-26,1,增长目标与北极星指标设定,operation,目标值：_______________,步骤1操作: 目标值：_______________,pending,medium,2024-10-04,
2024年Q4用户增长项目-20260713224728-27,1,增长目标与北极星指标设定,operation,**二级指标拆解**,步骤1操作: **二级指标拆解**,pending,medium,2024-10-04,
2024年Q4用户增长项目-20260713224728-28,1,增长目标与北极星指标设定,operation,| 二级指标 | 定义 | 当前值 | 目标值 | 影响因素 |,步骤1操作: | 二级指标 | 定义 | 当前值 | 目标值 | 影响因素 |,pending,medium,2024-10-04,
2024年Q4用户增长项目-20260713224728-29,1,增长目标与北极星指标设定,operation,|---------|------|--------|--------|---------|,步骤1操作: |---------|------|--------|--------|---------|,pending,medium,2024-10-04,
2024年Q4用户增长项目-20260713224728-30,1,增长目标与北极星指标设定,operation,| | | | | |,步骤1操作: | | | | | |,pending,medium,2024-10-04,
2024年Q4用户增长项目-20260713224728-31,1,增长目标与北极星指标设定,operation,**三级指标拆解（可执行指标）**,步骤1操作: **三级指标拆解（可执行指标）**,pending,medium,2024-10-04,
2024年Q4用户增长项目-20260713224728-32,1,增长目标与北极星指标设定,operation,| 三级指标 | 定义 | 当前值 | 目标值 | 负责人 | 优化方向 |,步骤1操作: | 三级指标 | 定义 | 当前值 | 目标值 | 负责人 | 优化方向 |,pending,medium,2024-10-04,
2024年Q4用户增长项目-20260713224728-33,1,增长目标与北极星指标设定,operation,|---------|------|--------|--------|--------|---------|,步骤1操作: |---------|------|--------|--------|--------|---------|,pending,medium,2024-10-04,
2024年Q4用户增长项目-20260713224728-34,1,增长目标与北极星指标设定,operation,| | | | | | |,步骤1操作: | | | | | | |,pending,medium,2024-10-04,
2024年Q4用户增长项目-20260713224728-35,1,增长目标与北极星指标设定,operation,**增长目标**,步骤1操作: **增长目标**,pending,medium,2024-10-04,
2024年Q4用户增长项目-20260713224728-36,1,增长目标与北极星指标设定,operation,季度目标：_______________,步骤1操作: 季度目标：_______________,pending,medium,2024-10-04,
2024年Q4用户增长项目-20260713224728-37,1,增长目标与北极星指标设定,operation,月度目标：_______________,步骤1操作: 月度目标：_______________,pending,medium,2024-10-04,
2024年Q4用户增长项目-20260713224728-38,1,增长目标与北极星指标设定,operation,实验目标：每阶段验证 ___ 个增长假设,步骤1操作: 实验目标：每阶段验证 ___ 个增长假设,pending,medium,2024-10-04,
2024年Q4用户增长项目-20260713224728-39,1,增长目标与北极星指标设定,deliverable,北极星指标定义文档,步骤1产出物: 北极星指标定义文档,pending,high,2024-10-06,
2024年Q4用户增长项目-20260713224728-40,1,增长目标与北极星指标设定,deliverable,指标拆解树,步骤1产出物: 指标拆解树,pending,high,2024-10-06,
2024年Q4用户增长项目-20260713224728-41,1,增长目标与北极星指标设定,deliverable,增长目标设定（季度/月度）,步骤1产出物: 增长目标设定（季度/月度）,pending,high,2024-10-06,
2024年Q4用户增长项目-20260713224728-42,1,增长目标与北极星指标设定,deliverable,增长实验计划,步骤1产出物: 增长实验计划,pending,high,2024-10-06,
2024年Q4用户增长项目-20260713224728-43,2,用户画像与渠道分析,objective,精准描绘目标用户画像，指导获客与运营,步骤2目标: 精准描绘目标用户画像，指导获客与运营,pending,high,2024-10-06,
2024年Q4用户增长项目-20260713224728-44,2,用户画像与渠道分析,objective,系统评估获客渠道，找到最优渠道组合,步骤2目标: 系统评估获客渠道，找到最优渠道组合,pending,high,2024-10-06,
2024年Q4用户增长项目-20260713224728-45,2,用户画像与渠道分析,objective,建立渠道数据基准，为获客优化提供依据,步骤2目标: 建立渠道数据基准，为获客优化提供依据,pending,high,2024-10-06,
2024年Q4用户增长项目-20260713224728-46,2,用户画像与渠道分析,operation,用户画像构建,步骤2操作: 用户画像构建,pending,medium,2024-10-07,
2024年Q4用户增长项目-20260713224728-47,2,用户画像与渠道分析,operation,数据采集,步骤2操作: 数据采集,pending,medium,2024-10-07,
2024年Q4用户增长项目-20260713224728-48,2,用户画像与渠道分析,operation,现有用户行为数据分析,步骤2操作: 现有用户行为数据分析,pending,medium,2024-10-07,
2024年Q4用户增长项目-20260713224728-49,2,用户画像与渠道分析,operation,用户调研与访谈,步骤2操作: 用户调研与访谈,pending,medium,2024-10-07,
2024年Q4用户增长项目-20260713224728-50,2,用户画像与渠道分析,operation,高价值用户特征分析,步骤2操作: 高价值用户特征分析,pending,medium,2024-10-07,
2024年Q4用户增长项目-20260713224728-51,2,用户画像与渠道分析,operation,画像构建,步骤2操作: 画像构建,pending,medium,2024-10-07,
2024年Q4用户增长项目-20260713224728-52,2,用户画像与渠道分析,operation,人口统计特征：年龄、性别、地域、收入,步骤2操作: 人口统计特征：年龄、性别、地域、收入,pending,medium,2024-10-07,
2024年Q4用户增长项目-20260713224728-53,2,用户画像与渠道分析,operation,行为特征：使用频率、功能偏好、消费习惯,步骤2操作: 行为特征：使用频率、功能偏好、消费习惯,pending,medium,2024-10-07,
2024年Q4用户增长项目-20260713224728-54,2,用户画像与渠道分析,operation,需求特征：核心需求、使用场景、痛点,步骤2操作: 需求特征：核心需求、使用场景、痛点,pending,medium,2024-10-07,
2024年Q4用户增长项目-20260713224728-55,2,用户画像与渠道分析,operation,价值分层：高价值 / 中价值 / 低价值用户特征,步骤2操作: 价值分层：高价值 / 中价值 / 低价值用户特征,pending,medium,2024-10-07,
2024年Q4用户增长项目-20260713224728-56,2,用户画像与渠道分析,operation,理想用户画像（ICP）,步骤2操作: 理想用户画像（ICP）,pending,medium,2024-10-07,
2024年Q4用户增长项目-20260713224728-57,2,用户画像与渠道分析,operation,从高价值用户中提炼理想用户特征,步骤2操作: 从高价值用户中提炼理想用户特征,pending,medium,2024-10-07,
2024年Q4用户增长项目-20260713224728-58,2,用户画像与渠道分析,operation,作为获客定向的参考基准,步骤2操作: 作为获客定向的参考基准,pending,medium,2024-10-07,
2024年Q4用户增长项目-20260713224728-59,2,用户画像与渠道分析,operation,渠道分析,步骤2操作: 渠道分析,pending,medium,2024-10-07,
2024年Q4用户增长项目-20260713224728-60,2,用户画像与渠道分析,operation,渠道盘点：列出所有可能获取用户的渠道,步骤2操作: 渠道盘点：列出所有可能获取用户的渠道,pending,medium,2024-10-07,
2024年Q4用户增长项目-20260713224728-61,2,用户画像与渠道分析,operation,渠道评估：从以下维度评估每个渠道,步骤2操作: 渠道评估：从以下维度评估每个渠道,pending,medium,2024-10-07,
2024年Q4用户增长项目-20260713224728-62,2,用户画像与渠道分析,operation,获客规模：渠道能带来多少用户,步骤2操作: 获客规模：渠道能带来多少用户,pending,medium,2024-10-07,
2024年Q4用户增长项目-20260713224728-63,2,用户画像与渠道分析,operation,获客成本：CAC 是多少,步骤2操作: 获客成本：CAC 是多少,pending,medium,2024-10-07,
2024年Q4用户增长项目-20260713224728-64,2,用户画像与渠道分析,operation,用户质量：留存率、LTV 如何,步骤2操作: 用户质量：留存率、LTV 如何,pending,medium,2024-10-07,
2024年Q4用户增长项目-20260713224728-65,2,用户画像与渠道分析,operation,获客速度：起量需要多长时间,步骤2操作: 获客速度：起量需要多长时间,pending,medium,2024-10-07,
2024年Q4用户增长项目-20260713224728-66,2,用户画像与渠道分析,operation,渠道分级：A 类（主力）/ B 类（辅助）/ C 类（测试）,步骤2操作: 渠道分级：A 类（主力）/ B 类（辅助）/ C 类（测试）,pending,medium,2024-10-07,
2024年Q4用户增长项目-20260713224728-67,2,用户画像与渠道分析,operation,渠道选择与规划,步骤2操作: 渠道选择与规划,pending,medium,2024-10-07,
2024年Q4用户增长项目-20260713224728-68,2,用户画像与渠道分析,operation,渠道组合确定：2-3 个主渠道 + 2-3 个辅助渠道,步骤2操作: 渠道组合确定：2-3 个主渠道 + 2-3 个辅助渠道,pending,medium,2024-10-07,
2024年Q4用户增长项目-20260713224728-69,2,用户画像与渠道分析,operation,预算分配：按渠道分级分配预算,步骤2操作: 预算分配：按渠道分级分配预算,pending,medium,2024-10-07,
2024年Q4用户增长项目-20260713224728-70,2,用户画像与渠道分析,operation,投放计划：各渠道的投放节奏与测试计划,步骤2操作: 投放计划：各渠道的投放节奏与测试计划,pending,medium,2024-10-07,
2024年Q4用户增长项目-20260713224728-71,2,用户画像与渠道分析,operation,**理想用户画像（ICP）**,步骤2操作: **理想用户画像（ICP）**,pending,medium,2024-10-07,
2024年Q4用户增长项目-20260713224728-72,2,用户画像与渠道分析,operation,人群标签：_______________,步骤2操作: 人群标签：_______________,pending,medium,2024-10-07,
2024年Q4用户增长项目-20260713224728-73,2,用户画像与渠道分析,operation,年龄段：_______________,步骤2操作: 年龄段：_______________,pending,medium,2024-10-07,
2024年Q4用户增长项目-20260713224728-74,2,用户画像与渠道分析,operation,性别：_______________,步骤2操作: 性别：_______________,pending,medium,2024-10-07,
2024年Q4用户增长项目-20260713224728-75,2,用户画像与渠道分析,operation,地域：_______________,步骤2操作: 地域：_______________,pending,medium,2024-10-07,
2024年Q4用户增长项目-20260713224728-76,2,用户画像与渠道分析,operation,职业：_______________,步骤2操作: 职业：_______________,pending,medium,2024-10-07,
2024年Q4用户增长项目-20260713224728-77,2,用户画像与渠道分析,operation,收入：_______________,步骤2操作: 收入：_______________,pending,medium,2024-10-07,
2024年Q4用户增长项目-20260713224728-78,2,用户画像与渠道分析,operation,**行为特征**,步骤2操作: **行为特征**,pending,medium,2024-10-07,
2024年Q4用户增长项目-20260713224728-79,2,用户画像与渠道分析,operation,使用场景：_______________,步骤2操作: 使用场景：_______________,pending,medium,2024-10-07,
2024年Q4用户增长项目-20260713224728-80,2,用户画像与渠道分析,operation,使用频率：_______________,步骤2操作: 使用频率：_______________,pending,medium,2024-10-07,
2024年Q4用户增长项目-20260713224728-81,2,用户画像与渠道分析,operation,功能偏好：_______________,步骤2操作: 功能偏好：_______________,pending,medium,2024-10-07,
2024年Q4用户增长项目-20260713224728-82,2,用户画像与渠道分析,operation,消费习惯：_______________,步骤2操作: 消费习惯：_______________,pending,medium,2024-10-07,
2024年Q4用户增长项目-20260713224728-83,2,用户画像与渠道分析,operation,**需求与痛点**,步骤2操作: **需求与痛点**,pending,medium,2024-10-07,
2024年Q4用户增长项目-20260713224728-84,2,用户画像与渠道分析,operation,核心需求：_______________,步骤2操作: 核心需求：_______________,pending,medium,2024-10-07,
2024年Q4用户增长项目-20260713224728-85,2,用户画像与渠道分析,operation,使用动机：_______________,步骤2操作: 使用动机：_______________,pending,medium,2024-10-07,
2024年Q4用户增长项目-20260713224728-86,2,用户画像与渠道分析,operation,主要痛点：_______________,步骤2操作: 主要痛点：_______________,pending,medium,2024-10-07,
2024年Q4用户增长项目-20260713224728-87,2,用户画像与渠道分析,operation,替代方案：_______________,步骤2操作: 替代方案：_______________,pending,medium,2024-10-07,
2024年Q4用户增长项目-20260713224728-88,2,用户画像与渠道分析,operation,**高价值用户特征**,步骤2操作: **高价值用户特征**,pending,medium,2024-10-07,
2024年Q4用户增长项目-20260713224728-89,2,用户画像与渠道分析,operation,占比：___%,步骤2操作: 占比：___%,pending,medium,2024-10-07,
2024年Q4用户增长项目-20260713224728-90,2,用户画像与渠道分析,operation,LTV：_______________,步骤2操作: LTV：_______________,pending,medium,2024-10-07,
2024年Q4用户增长项目-20260713224728-91,2,用户画像与渠道分析,operation,留存率：_______________,步骤2操作: 留存率：_______________,pending,medium,2024-10-07,
2024年Q4用户增长项目-20260713224728-92,2,用户画像与渠道分析,operation,共同特征：_______________,步骤2操作: 共同特征：_______________,pending,medium,2024-10-07,
2024年Q4用户增长项目-20260713224728-93,2,用户画像与渠道分析,operation,3.4 渠道评估矩阵,步骤2操作: 3.4 渠道评估矩阵,pending,medium,2024-10-07,
2024年Q4用户增长项目-20260713224728-94,2,用户画像与渠道分析,deliverable,用户画像文档（含 ICP）,步骤2产出物: 用户画像文档（含 ICP）,pending,high,2024-10-09,
2024年Q4用户增长项目-20260713224728-95,2,用户画像与渠道分析,deliverable,渠道评估矩阵,步骤2产出物: 渠道评估矩阵,pending,high,2024-10-09,
2024年Q4用户增长项目-20260713224728-96,2,用户画像与渠道分析,deliverable,渠道选择与预算分配方案,步骤2产出物: 渠道选择与预算分配方案,pending,high,2024-10-09,
2024年Q4用户增长项目-20260713224728-97,2,用户画像与渠道分析,deliverable,渠道投放计划,步骤2产出物: 渠道投放计划,pending,high,2024-10-09,
2024年Q4用户增长项目-20260713224728-98,3,获客策略与投放测试,objective,制定高效的获客策略，以最低成本获取最多优质用户,步骤3目标: 制定高效的获客策略，以最低成本获取最多优质用户,pending,high,2024-10-09,
2024年Q4用户增长项目-20260713224728-99,3,获客策略与投放测试,objective,通过系统化测试找到最优获客组合,步骤3目标: 通过系统化测试找到最优获客组合,pending,high,2024-10-09,
2024年Q4用户增长项目-20260713224728-100,3,获客策略与投放测试,objective,建立可持续放量的获客引擎,步骤3目标: 建立可持续放量的获客引擎,pending,high,2024-10-09,
2024年Q4用户增长项目-20260713224728-101,3,获客策略与投放测试,operation,获客策略制定,步骤3操作: 获客策略制定,pending,medium,2024-10-10,
2024年Q4用户增长项目-20260713224728-102,3,获客策略与投放测试,operation,自然增长策略,步骤3操作: 自然增长策略,pending,medium,2024-10-10,
2024年Q4用户增长项目-20260713224728-103,3,获客策略与投放测试,operation,SEO/ASO 优化：提升自然搜索排名,步骤3操作: SEO/ASO 优化：提升自然搜索排名,pending,medium,2024-10-10,
2024年Q4用户增长项目-20260713224728-104,3,获客策略与投放测试,operation,内容营销：通过内容吸引自然流量,步骤3操作: 内容营销：通过内容吸引自然流量,pending,medium,2024-10-10,
2024年Q4用户增长项目-20260713224728-105,3,获客策略与投放测试,operation,口碑传播：通过产品体验驱动自然推荐,步骤3操作: 口碑传播：通过产品体验驱动自然推荐,pending,medium,2024-10-10,
2024年Q4用户增长项目-20260713224728-106,3,获客策略与投放测试,operation,付费获客策略,步骤3操作: 付费获客策略,pending,medium,2024-10-10,
2024年Q4用户增长项目-20260713224728-107,3,获客策略与投放测试,operation,信息流广告：精准定向投放,步骤3操作: 信息流广告：精准定向投放,pending,medium,2024-10-10,
2024年Q4用户增长项目-20260713224728-108,3,获客策略与投放测试,operation,搜索广告：拦截搜索需求,步骤3操作: 搜索广告：拦截搜索需求,pending,medium,2024-10-10,
2024年Q4用户增长项目-20260713224728-109,3,获客策略与投放测试,operation,KOL 投放：借势达人影响力,步骤3操作: KOL 投放：借势达人影响力,pending,medium,2024-10-10,
2024年Q4用户增长项目-20260713224728-110,3,获客策略与投放测试,operation,合作获客策略,步骤3操作: 合作获客策略,pending,medium,2024-10-10,
2024年Q4用户增长项目-20260713224728-111,3,获客策略与投放测试,operation,渠道合作：与互补产品互换流量,步骤3操作: 渠道合作：与互补产品互换流量,pending,medium,2024-10-10,
2024年Q4用户增长项目-20260713224728-112,3,获客策略与投放测试,operation,联合营销：联合举办活动获客,步骤3操作: 联合营销：联合举办活动获客,pending,medium,2024-10-10,
2024年Q4用户增长项目-20260713224728-113,3,获客策略与投放测试,operation,分销体系：建立分销返佣机制,步骤3操作: 分销体系：建立分销返佣机制,pending,medium,2024-10-10,
2024年Q4用户增长项目-20260713224728-114,3,获客策略与投放测试,operation,投放测试,步骤3操作: 投放测试,pending,medium,2024-10-10,
2024年Q4用户增长项目-20260713224728-115,3,获客策略与投放测试,operation,测试设计,步骤3操作: 测试设计,pending,medium,2024-10-10,
2024年Q4用户增长项目-20260713224728-116,3,获客策略与投放测试,operation,确定测试变量：素材 / 文案 / 定向 / 出价 / 落地页,步骤3操作: 确定测试变量：素材 / 文案 / 定向 / 出价 / 落地页,pending,medium,2024-10-10,
2024年Q4用户增长项目-20260713224728-117,3,获客策略与投放测试,operation,确定测试规模：小预算测试,步骤3操作: 确定测试规模：小预算测试,pending,medium,2024-10-10,
2024年Q4用户增长项目-20260713224728-118,3,获客策略与投放测试,operation,确定评估指标：CTR / CPC / CPA / 留存率,步骤3操作: 确定评估指标：CTR / CPC / CPA / 留存率,pending,medium,2024-10-10,
2024年Q4用户增长项目-20260713224728-119,3,获客策略与投放测试,operation,测试执行,步骤3操作: 测试执行,pending,medium,2024-10-10,
2024年Q4用户增长项目-20260713224728-120,3,获客策略与投放测试,operation,按测试方案投放,步骤3操作: 按测试方案投放,pending,medium,2024-10-10,
2024年Q4用户增长项目-20260713224728-121,3,获客策略与投放测试,operation,每日监控数据,步骤3操作: 每日监控数据,pending,medium,2024-10-10,
2024年Q4用户增长项目-20260713224728-122,3,获客策略与投放测试,operation,收集足够样本量,步骤3操作: 收集足够样本量,pending,medium,2024-10-10,
2024年Q4用户增长项目-20260713224728-123,3,获客策略与投放测试,operation,测试评估,步骤3操作: 测试评估,pending,medium,2024-10-10,
2024年Q4用户增长项目-20260713224728-124,3,获客策略与投放测试,operation,对比各版本表现,步骤3操作: 对比各版本表现,pending,medium,2024-10-10,
2024年Q4用户增长项目-20260713224728-125,3,获客策略与投放测试,operation,确定最优组合,步骤3操作: 确定最优组合,pending,medium,2024-10-10,
2024年Q4用户增长项目-20260713224728-126,3,获客策略与投放测试,operation,准备放量,步骤3操作: 准备放量,pending,medium,2024-10-10,
2024年Q4用户增长项目-20260713224728-127,3,获客策略与投放测试,operation,规模化放量,步骤3操作: 规模化放量,pending,medium,2024-10-10,
2024年Q4用户增长项目-20260713224728-128,3,获客策略与投放测试,operation,逐步放量：从测试预算的 2-3 倍开始放量,步骤3操作: 逐步放量：从测试预算的 2-3 倍开始放量,pending,medium,2024-10-10,
2024年Q4用户增长项目-20260713224728-129,3,获客策略与投放测试,operation,密切监控：放量后密切监控 CPA 与留存率,步骤3操作: 密切监控：放量后密切监控 CPA 与留存率,pending,medium,2024-10-10,
2024年Q4用户增长项目-20260713224728-130,3,获客策略与投放测试,operation,动态调整：根据数据调整出价与定向,步骤3操作: 动态调整：根据数据调整出价与定向,pending,medium,2024-10-10,
2024年Q4用户增长项目-20260713224728-131,3,获客策略与投放测试,operation,效果衰减应对：当效果下降时及时更换素材或调整定向,步骤3操作: 效果衰减应对：当效果下降时及时更换素材或调整定向,pending,medium,2024-10-10,
2024年Q4用户增长项目-20260713224728-132,3,获客策略与投放测试,operation,4.3 获客实验框架,步骤3操作: 4.3 获客实验框架,pending,medium,2024-10-10,
2024年Q4用户增长项目-20260713224728-133,3,获客策略与投放测试,operation,## 获客实验方案,步骤3操作: ## 获客实验方案,pending,medium,2024-10-10,
2024年Q4用户增长项目-20260713224728-134,3,获客策略与投放测试,operation,**实验背景**,步骤3操作: **实验背景**,pending,medium,2024-10-10,
2024年Q4用户增长项目-20260713224728-135,3,获客策略与投放测试,operation,实验目标：_______________,步骤3操作: 实验目标：_______________,pending,medium,2024-10-10,
2024年Q4用户增长项目-20260713224728-136,3,获客策略与投放测试,operation,假设：如果 _______________，那么 _______________,步骤3操作: 假设：如果 _______________，那么 _______________,pending,medium,2024-10-10,
2024年Q4用户增长项目-20260713224728-137,3,获客策略与投放测试,operation,**实验设计**,步骤3操作: **实验设计**,pending,medium,2024-10-10,
2024年Q4用户增长项目-20260713224728-138,3,获客策略与投放测试,operation,测试渠道：_______________,步骤3操作: 测试渠道：_______________,pending,medium,2024-10-10,
2024年Q4用户增长项目-20260713224728-139,3,获客策略与投放测试,operation,对照组：_______________,步骤3操作: 对照组：_______________,pending,medium,2024-10-10,
2024年Q4用户增长项目-20260713224728-140,3,获客策略与投放测试,operation,实验组：_______________,步骤3操作: 实验组：_______________,pending,medium,2024-10-10,
2024年Q4用户增长项目-20260713224728-141,3,获客策略与投放测试,operation,测试变量：_______________,步骤3操作: 测试变量：_______________,pending,medium,2024-10-10,
2024年Q4用户增长项目-20260713224728-142,3,获客策略与投放测试,operation,测试预算：_______________,步骤3操作: 测试预算：_______________,pending,medium,2024-10-10,
2024年Q4用户增长项目-20260713224728-143,3,获客策略与投放测试,operation,测试周期：_______________,步骤3操作: 测试周期：_______________,pending,medium,2024-10-10,
2024年Q4用户增长项目-20260713224728-144,3,获客策略与投放测试,operation,**评估指标**,步骤3操作: **评估指标**,pending,medium,2024-10-10,
2024年Q4用户增长项目-20260713224728-145,3,获客策略与投放测试,operation,| 指标 | 对照组目标 | 实验组目标 | 权重 |,步骤3操作: | 指标 | 对照组目标 | 实验组目标 | 权重 |,pending,medium,2024-10-10,
2024年Q4用户增长项目-20260713224728-146,3,获客策略与投放测试,operation,|------|----------|----------|------|,步骤3操作: |------|----------|----------|------|,pending,medium,2024-10-10,
2024年Q4用户增长项目-20260713224728-147,3,获客策略与投放测试,operation,| CTR | | | |,步骤3操作: | CTR | | | |,pending,medium,2024-10-10,
2024年Q4用户增长项目-20260713224728-148,3,获客策略与投放测试,operation,| CPC | | | |,步骤3操作: | CPC | | | |,pending,medium,2024-10-10,
2024年Q4用户增长项目-20260713224728-149,3,获客策略与投放测试,operation,| CPA | | | |,步骤3操作: | CPA | | | |,pending,medium,2024-10-10,
2024年Q4用户增长项目-20260713224728-150,3,获客策略与投放测试,operation,| 次日留存 | | | |,步骤3操作: | 次日留存 | | | |,pending,medium,2024-10-10,
2024年Q4用户增长项目-20260713224728-151,3,获客策略与投放测试,operation,**实验结果**,步骤3操作: **实验结果**,pending,medium,2024-10-10,
2024年Q4用户增长项目-20260713224728-152,3,获客策略与投放测试,operation,对照组数据：_______________,步骤3操作: 对照组数据：_______________,pending,medium,2024-10-10,
2024年Q4用户增长项目-20260713224728-153,3,获客策略与投放测试,operation,实验组数据：_______________,步骤3操作: 实验组数据：_______________,pending,medium,2024-10-10,
2024年Q4用户增长项目-20260713224728-154,3,获客策略与投放测试,operation,结论：_______________,步骤3操作: 结论：_______________,pending,medium,2024-10-10,
2024年Q4用户增长项目-20260713224728-155,3,获客策略与投放测试,operation,下一步：□ 放量 □ 继续优化 □ 放弃,步骤3操作: 下一步：□ 放量 □ 继续优化 □ 放弃,pending,medium,2024-10-10,
2024年Q4用户增长项目-20260713224728-156,4,激活转化与新手引导优化,operation,**分析背景**,步骤4操作: **分析背景**,pending,medium,2024-10-13,
2024年Q4用户增长项目-20260713224728-157,4,激活转化与新手引导优化,operation,分析目标：找到驱动用户留存的关键行为,步骤4操作: 分析目标：找到驱动用户留存的关键行为,pending,medium,2024-10-13,
2024年Q4用户增长项目-20260713224728-158,4,激活转化与新手引导优化,operation,分析数据：注册后 7 天内的用户行为,步骤4操作: 分析数据：注册后 7 天内的用户行为,pending,medium,2024-10-13,
2024年Q4用户增长项目-20260713224728-159,4,激活转化与新手引导优化,operation,**行为与留存相关性分析**,步骤4操作: **行为与留存相关性分析**,pending,medium,2024-10-13,
2024年Q4用户增长项目-20260713224728-160,4,激活转化与新手引导优化,operation,| 关键行为 | 完成用户7日留存 | 未完成用户7日留存 | 留存差异 | 相关性 |,步骤4操作: | 关键行为 | 完成用户7日留存 | 未完成用户7日留存 | 留存差异 | 相关性 |,pending,medium,2024-10-13,
2024年Q4用户增长项目-20260713224728-161,4,激活转化与新手引导优化,operation,|---------|---------------|-----------------|---------|--------|,步骤4操作: |---------|---------------|-----------------|---------|--------|,pending,medium,2024-10-13,
2024年Q4用户增长项目-20260713224728-162,4,激活转化与新手引导优化,operation,| 行为A | | | | 高/中/低 |,步骤4操作: | 行为A | | | | 高/中/低 |,pending,medium,2024-10-13,
2024年Q4用户增长项目-20260713224728-163,4,激活转化与新手引导优化,operation,| 行为B | | | | 高/中/低 |,步骤4操作: | 行为B | | | | 高/中/低 |,pending,medium,2024-10-13,
2024年Q4用户增长项目-20260713224728-164,4,激活转化与新手引导优化,operation,| 行为C | | | | 高/中/低 |,步骤4操作: | 行为C | | | | 高/中/低 |,pending,medium,2024-10-13,
2024年Q4用户增长项目-20260713224728-165,4,激活转化与新手引导优化,operation,**Aha Moment 假设**,步骤4操作: **Aha Moment 假设**,pending,medium,2024-10-13,
2024年Q4用户增长项目-20260713224728-166,4,激活转化与新手引导优化,operation,关键行为：_______________,步骤4操作: 关键行为：_______________,pending,medium,2024-10-13,
2024年Q4用户增长项目-20260713224728-167,4,激活转化与新手引导优化,operation,阈值假设：在 ___ 天内完成 ___ 次 ___ 行为,步骤4操作: 阈值假设：在 ___ 天内完成 ___ 次 ___ 行为,pending,medium,2024-10-13,
2024年Q4用户增长项目-20260713224728-168,4,激活转化与新手引导优化,operation,验证结果：_______________,步骤4操作: 验证结果：_______________,pending,medium,2024-10-13,
2024年Q4用户增长项目-20260713224728-169,4,激活转化与新手引导优化,operation,**激活定义**,步骤4操作: **激活定义**,pending,medium,2024-10-13,
2024年Q4用户增长项目-20260713224728-170,4,激活转化与新手引导优化,operation,激活行为：_______________,步骤4操作: 激活行为：_______________,pending,medium,2024-10-13,
2024年Q4用户增长项目-20260713224728-171,4,激活转化与新手引导优化,operation,激活时间窗口：注册后 ___ 天/小时内,步骤4操作: 激活时间窗口：注册后 ___ 天/小时内,pending,medium,2024-10-13,
2024年Q4用户增长项目-20260713224728-172,4,激活转化与新手引导优化,operation,当前激活率：___%,步骤4操作: 当前激活率：___%,pending,medium,2024-10-13,
2024年Q4用户增长项目-20260713224728-173,4,激活转化与新手引导优化,operation,目标激活率：___%,步骤4操作: 目标激活率：___%,pending,medium,2024-10-13,
2024年Q4用户增长项目-20260713224728-174,4,激活转化与新手引导优化,operation,5.4 新手引导优化清单,步骤4操作: 5.4 新手引导优化清单,pending,medium,2024-10-13,
2024年Q4用户增长项目-20260713224728-175,4,激活转化与新手引导优化,deliverable,Aha Moment 分析报告,步骤4产出物: Aha Moment 分析报告,pending,high,2024-10-15,
2024年Q4用户增长项目-20260713224728-176,4,激活转化与新手引导优化,deliverable,新手旅程地图,步骤4产出物: 新手旅程地图,pending,high,2024-10-15,
2024年Q4用户增长项目-20260713224728-177,4,激活转化与新手引导优化,deliverable,新手引导优化方案,步骤4产出物: 新手引导优化方案,pending,high,2024-10-15,
2024年Q4用户增长项目-20260713224728-178,4,激活转化与新手引导优化,deliverable,激活实验报告,步骤4产出物: 激活实验报告,pending,high,2024-10-15,
2024年Q4用户增长项目-20260713224728-179,4,激活转化与新手引导优化,deliverable,激活率提升数据,步骤4产出物: 激活率提升数据,pending,high,2024-10-15,
2024年Q4用户增长项目-20260713224728-180,5,留存提升与用户分层运营,objective,提升用户留存率，延长用户生命周期,步骤5目标: 提升用户留存率，延长用户生命周期,pending,high,2024-10-15,
2024年Q4用户增长项目-20260713224728-181,5,留存提升与用户分层运营,objective,建立用户分层运营体系，精细化运营,步骤5目标: 建立用户分层运营体系，精细化运营,pending,high,2024-10-15,
2024年Q4用户增长项目-20260713224728-182,5,留存提升与用户分层运营,objective,通过数据驱动发现留存提升机会,步骤5目标: 通过数据驱动发现留存提升机会,pending,high,2024-10-15,
2024年Q4用户增长项目-20260713224728-183,5,留存提升与用户分层运营,operation,留存分析,步骤5操作: 留存分析,pending,medium,2024-10-16,
2024年Q4用户增长项目-20260713224728-184,5,留存提升与用户分层运营,operation,留存数据梳理,步骤5操作: 留存数据梳理,pending,medium,2024-10-16,
2024年Q4用户增长项目-20260713224728-185,5,留存提升与用户分层运营,operation,次日留存 / 7 日留存 / 30 日留存,步骤5操作: 次日留存 / 7 日留存 / 30 日留存,pending,medium,2024-10-16,
2024年Q4用户增长项目-20260713224728-186,5,留存提升与用户分层运营,operation,不同渠道、不同人群的留存差异,步骤5操作: 不同渠道、不同人群的留存差异,pending,medium,2024-10-16,
2024年Q4用户增长项目-20260713224728-187,5,留存提升与用户分层运营,operation,留存曲线分析（是否达到稳定平台）,步骤5操作: 留存曲线分析（是否达到稳定平台）,pending,medium,2024-10-16,
2024年Q4用户增长项目-20260713224728-188,5,留存提升与用户分层运营,operation,流失分析,步骤5操作: 流失分析,pending,medium,2024-10-16,
2024年Q4用户增长项目-20260713224728-189,5,留存提升与用户分层运营,operation,流失节点识别：用户在哪个环节流失最多,步骤5操作: 流失节点识别：用户在哪个环节流失最多,pending,medium,2024-10-16,
2024年Q4用户增长项目-20260713224728-190,5,留存提升与用户分层运营,operation,流失原因分析：通过调研与数据推断流失原因,步骤5操作: 流失原因分析：通过调研与数据推断流失原因,pending,medium,2024-10-16,
2024年Q4用户增长项目-20260713224728-191,5,留存提升与用户分层运营,operation,流失预警：建立流失预警模型,步骤5操作: 流失预警：建立流失预警模型,pending,medium,2024-10-16,
2024年Q4用户增长项目-20260713224728-192,5,留存提升与用户分层运营,operation,留存驱动因素分析,步骤5操作: 留存驱动因素分析,pending,medium,2024-10-16,
2024年Q4用户增长项目-20260713224728-193,5,留存提升与用户分层运营,operation,哪些行为与高留存相关,步骤5操作: 哪些行为与高留存相关,pending,medium,2024-10-16,
2024年Q4用户增长项目-20260713224728-194,5,留存提升与用户分层运营,operation,哪些功能能提升留存,步骤5操作: 哪些功能能提升留存,pending,medium,2024-10-16,
2024年Q4用户增长项目-20260713224728-195,5,留存提升与用户分层运营,operation,哪些运营手段有效,步骤5操作: 哪些运营手段有效,pending,medium,2024-10-16,
2024年Q4用户增长项目-20260713224728-196,5,留存提升与用户分层运营,operation,用户分层运营,步骤5操作: 用户分层运营,pending,medium,2024-10-16,
2024年Q4用户增长项目-20260713224728-197,5,留存提升与用户分层运营,operation,用户分层模型,步骤5操作: 用户分层模型,pending,medium,2024-10-16,
2024年Q4用户增长项目-20260713224728-198,5,留存提升与用户分层运营,operation,按生命周期：新手 / 成长 / 成熟 / 衰退 / 流失,步骤5操作: 按生命周期：新手 / 成长 / 成熟 / 衰退 / 流失,pending,medium,2024-10-16,
2024年Q4用户增长项目-20260713224728-199,5,留存提升与用户分层运营,operation,按价值分层：高价值 / 中价值 / 低价值,步骤5操作: 按价值分层：高价值 / 中价值 / 低价值,pending,medium,2024-10-16,
2024年Q4用户增长项目-20260713224728-200,5,留存提升与用户分层运营,operation,按 RFM 模型：最近消费 / 消费频次 / 消费金额,步骤5操作: 按 RFM 模型：最近消费 / 消费频次 / 消费金额,pending,medium,2024-10-16,
2024年Q4用户增长项目-20260713224728-201,5,留存提升与用户分层运营,operation,分层运营策略,步骤5操作: 分层运营策略,pending,medium,2024-10-16,
2024年Q4用户增长项目-20260713224728-202,5,留存提升与用户分层运营,operation,分层触达机制,步骤5操作: 分层触达机制,pending,medium,2024-10-16,
2024年Q4用户增长项目-20260713224728-203,5,留存提升与用户分层运营,operation,Push 推送：按分层定制推送内容与频次,步骤5操作: Push 推送：按分层定制推送内容与频次,pending,medium,2024-10-16,
2024年Q4用户增长项目-20260713224728-204,5,留存提升与用户分层运营,operation,短信召回：针对衰退与流失用户,步骤5操作: 短信召回：针对衰退与流失用户,pending,medium,2024-10-16,
2024年Q4用户增长项目-20260713224728-205,5,留存提升与用户分层运营,operation,站内信：针对活跃用户的功能推荐,步骤5操作: 站内信：针对活跃用户的功能推荐,pending,medium,2024-10-16,
2024年Q4用户增长项目-20260713224728-206,5,留存提升与用户分层运营,operation,邮件：针对特定场景的深度沟通,步骤5操作: 邮件：针对特定场景的深度沟通,pending,medium,2024-10-16,
2024年Q4用户增长项目-20260713224728-207,5,留存提升与用户分层运营,operation,留存实验,步骤5操作: 留存实验,pending,medium,2024-10-16,
2024年Q4用户增长项目-20260713224728-208,5,留存提升与用户分层运营,operation,留存提升假设：如优化 X，7 日留存提升 Y%,步骤5操作: 留存提升假设：如优化 X，7 日留存提升 Y%,pending,medium,2024-10-16,
2024年Q4用户增长项目-20260713224728-209,5,留存提升与用户分层运营,operation,A/B 测试：对照组 vs 实验组,步骤5操作: A/B 测试：对照组 vs 实验组,pending,medium,2024-10-16,
2024年Q4用户增长项目-20260713224728-210,5,留存提升与用户分层运营,operation,效果评估：验证留存率是否显著提升,步骤5操作: 效果评估：验证留存率是否显著提升,pending,medium,2024-10-16,
2024年Q4用户增长项目-20260713224728-211,5,留存提升与用户分层运营,operation,全量上线：验证有效后全量发布,步骤5操作: 全量上线：验证有效后全量发布,pending,medium,2024-10-16,
2024年Q4用户增长项目-20260713224728-212,5,留存提升与用户分层运营,operation,6.3 留存分析看板,步骤5操作: 6.3 留存分析看板,pending,medium,2024-10-16,
2024年Q4用户增长项目-20260713224728-213,5,留存提升与用户分层运营,operation,6.4 RFM 用户分层模型,步骤5操作: 6.4 RFM 用户分层模型,pending,medium,2024-10-16,
2024年Q4用户增长项目-20260713224728-214,5,留存提升与用户分层运营,deliverable,留存分析报告,步骤5产出物: 留存分析报告,pending,high,2024-10-18,
2024年Q4用户增长项目-20260713224728-215,5,留存提升与用户分层运营,deliverable,用户分层模型与策略,步骤5产出物: 用户分层模型与策略,pending,high,2024-10-18,
2024年Q4用户增长项目-20260713224728-216,5,留存提升与用户分层运营,deliverable,分层运营方案,步骤5产出物: 分层运营方案,pending,high,2024-10-18,
2024年Q4用户增长项目-20260713224728-217,5,留存提升与用户分层运营,deliverable,留存实验报告,步骤5产出物: 留存实验报告,pending,high,2024-10-18,
2024年Q4用户增长项目-20260713224728-218,5,留存提升与用户分层运营,deliverable,留存率提升数据,步骤5产出物: 留存率提升数据,pending,high,2024-10-18,
2024年Q4用户增长项目-20260713224728-219,6,变现模式与付费转化,objective,建立可持续的变现模式，实现商业闭环,步骤6目标: 建立可持续的变现模式，实现商业闭环,pending,high,2024-10-18,
2024年Q4用户增长项目-20260713224728-220,6,变现模式与付费转化,objective,提升付费转化率与用户 ARPU,步骤6目标: 提升付费转化率与用户 ARPU,pending,high,2024-10-18,
2024年Q4用户增长项目-20260713224728-221,6,变现模式与付费转化,objective,优化变现路径，平衡用户体验与收入,步骤6目标: 优化变现路径，平衡用户体验与收入,pending,high,2024-10-18,
2024年Q4用户增长项目-20260713224728-222,6,变现模式与付费转化,operation,变现模式设计,步骤6操作: 变现模式设计,pending,medium,2024-10-19,
2024年Q4用户增长项目-20260713224728-223,6,变现模式与付费转化,operation,变现模式选择,步骤6操作: 变现模式选择,pending,medium,2024-10-19,
2024年Q4用户增长项目-20260713224728-224,6,变现模式与付费转化,operation,订阅制：月费/年费会员,步骤6操作: 订阅制：月费/年费会员,pending,medium,2024-10-19,
2024年Q4用户增长项目-20260713224728-225,6,变现模式与付费转化,operation,按次付费：单次购买/按需付费,步骤6操作: 按次付费：单次购买/按需付费,pending,medium,2024-10-19,
2024年Q4用户增长项目-20260713224728-226,6,变现模式与付费转化,operation,广告变现：开屏/信息流/激励广告,步骤6操作: 广告变现：开屏/信息流/激励广告,pending,medium,2024-10-19,
2024年Q4用户增长项目-20260713224728-227,6,变现模式与付费转化,operation,增值服务：高级功能/虚拟商品,步骤6操作: 增值服务：高级功能/虚拟商品,pending,medium,2024-10-19,
2024年Q4用户增长项目-20260713224728-228,6,变现模式与付费转化,operation,交易佣金：平台撮合交易抽佣,步骤6操作: 交易佣金：平台撮合交易抽佣,pending,medium,2024-10-19,
2024年Q4用户增长项目-20260713224728-229,6,变现模式与付费转化,operation,定价策略,步骤6操作: 定价策略,pending,medium,2024-10-19,
2024年Q4用户增长项目-20260713224728-230,6,变现模式与付费转化,operation,免费增值（Freemium）：基础免费 + 高级付费,步骤6操作: 免费增值（Freemium）：基础免费 + 高级付费,pending,medium,2024-10-19,
2024年Q4用户增长项目-20260713224728-231,6,变现模式与付费转化,operation,阶梯定价：不同等级不同价格,步骤6操作: 阶梯定价：不同等级不同价格,pending,medium,2024-10-19,
2024年Q4用户增长项目-20260713224728-232,6,变现模式与付费转化,operation,锚定定价：设置高价锚点凸显性价比,步骤6操作: 锚定定价：设置高价锚点凸显性价比,pending,medium,2024-10-19,
2024年Q4用户增长项目-20260713224728-233,6,变现模式与付费转化,operation,促销定价：限时优惠/首充优惠,步骤6操作: 促销定价：限时优惠/首充优惠,pending,medium,2024-10-19,
2024年Q4用户增长项目-20260713224728-234,6,变现模式与付费转化,operation,付费点设计,步骤6操作: 付费点设计,pending,medium,2024-10-19,
2024年Q4用户增长项目-20260713224728-235,6,变现模式与付费转化,operation,识别用户愿意付费的场景与功能,步骤6操作: 识别用户愿意付费的场景与功能,pending,medium,2024-10-19,
2024年Q4用户增长项目-20260713224728-236,6,变现模式与付费转化,operation,设计自然的付费触发点,步骤6操作: 设计自然的付费触发点,pending,medium,2024-10-19,
2024年Q4用户增长项目-20260713224728-237,6,变现模式与付费转化,operation,平衡免费与付费功能边界,步骤6操作: 平衡免费与付费功能边界,pending,medium,2024-10-19,
2024年Q4用户增长项目-20260713224728-238,6,变现模式与付费转化,operation,付费转化优化,步骤6操作: 付费转化优化,pending,medium,2024-10-19,
2024年Q4用户增长项目-20260713224728-239,6,变现模式与付费转化,operation,转化漏斗分析,步骤6操作: 转化漏斗分析,pending,medium,2024-10-19,
2024年Q4用户增长项目-20260713224728-240,6,变现模式与付费转化,operation,曝光 → 点击 → 了解 → 试用 → 购买,步骤6操作: 曝光 → 点击 → 了解 → 试用 → 购买,pending,medium,2024-10-19,
2024年Q4用户增长项目-20260713224728-241,6,变现模式与付费转化,operation,识别转化漏斗中的流失节点,步骤6操作: 识别转化漏斗中的流失节点,pending,medium,2024-10-19,
2024年Q4用户增长项目-20260713224728-242,6,变现模式与付费转化,operation,转化策略,步骤6操作: 转化策略,pending,medium,2024-10-19,
2024年Q4用户增长项目-20260713224728-243,6,变现模式与付费转化,operation,首单优惠：降低首次付费门槛,步骤6操作: 首单优惠：降低首次付费门槛,pending,medium,2024-10-19,
2024年Q4用户增长项目-20260713224728-244,6,变现模式与付费转化,operation,免费试用：先体验后付费,步骤6操作: 免费试用：先体验后付费,pending,medium,2024-10-19,
2024年Q4用户增长项目-20260713224728-245,6,变现模式与付费转化,operation,限时促销：制造紧迫感,步骤6操作: 限时促销：制造紧迫感,pending,medium,2024-10-19,
2024年Q4用户增长项目-20260713224728-246,6,变现模式与付费转化,operation,社会证明：展示其他用户付费评价,步骤6操作: 社会证明：展示其他用户付费评价,pending,medium,2024-10-19,
2024年Q4用户增长项目-20260713224728-247,6,变现模式与付费转化,operation,锚定对比：对比免费与付费的差异,步骤6操作: 锚定对比：对比免费与付费的差异,pending,medium,2024-10-19,
2024年Q4用户增长项目-20260713224728-248,6,变现模式与付费转化,operation,付费引导优化,步骤6操作: 付费引导优化,pending,medium,2024-10-19,
2024年Q4用户增长项目-20260713224728-249,6,变现模式与付费转化,operation,付费入口优化：在合适场景出现付费引导,步骤6操作: 付费入口优化：在合适场景出现付费引导,pending,medium,2024-10-19,
2024年Q4用户增长项目-20260713224728-250,6,变现模式与付费转化,operation,付费页面优化：清晰展示价值与权益,步骤6操作: 付费页面优化：清晰展示价值与权益,pending,medium,2024-10-19,
2024年Q4用户增长项目-20260713224728-251,6,变现模式与付费转化,operation,支付流程优化：简化支付步骤,步骤6操作: 支付流程优化：简化支付步骤,pending,medium,2024-10-19,
2024年Q4用户增长项目-20260713224728-252,6,变现模式与付费转化,operation,ARPU 提升,步骤6操作: ARPU 提升,pending,medium,2024-10-19,
2024年Q4用户增长项目-20260713224728-253,6,变现模式与付费转化,operation,交叉销售：推荐相关付费产品,步骤6操作: 交叉销售：推荐相关付费产品,pending,medium,2024-10-19,
2024年Q4用户增长项目-20260713224728-254,6,变现模式与付费转化,operation,向上销售：引导升级更高等级,步骤6操作: 向上销售：引导升级更高等级,pending,medium,2024-10-19,
2024年Q4用户增长项目-20260713224728-255,6,变现模式与付费转化,operation,续费优化：提升续费率,步骤6操作: 续费优化：提升续费率,pending,medium,2024-10-19,
2024年Q4用户增长项目-20260713224728-256,6,变现模式与付费转化,operation,复购提升：提升购买频次,步骤6操作: 复购提升：提升购买频次,pending,medium,2024-10-19,
2024年Q4用户增长项目-20260713224728-257,6,变现模式与付费转化,operation,7.3 变现指标体系,步骤6操作: 7.3 变现指标体系,pending,medium,2024-10-19,
2024年Q4用户增长项目-20260713224728-258,6,变现模式与付费转化,operation,**漏斗数据**,步骤6操作: **漏斗数据**,pending,medium,2024-10-19,
2024年Q4用户增长项目-20260713224728-259,6,变现模式与付费转化,operation,| 环节 | 用户数 | 转化率 | 流失率 | 流失原因 | 优化方向 |,步骤6操作: | 环节 | 用户数 | 转化率 | 流失率 | 流失原因 | 优化方向 |,pending,medium,2024-10-19,
2024年Q4用户增长项目-20260713224728-260,6,变现模式与付费转化,operation,|------|--------|--------|--------|---------|---------|,步骤6操作: |------|--------|--------|--------|---------|---------|,pending,medium,2024-10-19,
2024年Q4用户增长项目-20260713224728-261,6,变现模式与付费转化,operation,| 看到付费入口 | | — | | | |,步骤6操作: | 看到付费入口 | | — | | | |,pending,medium,2024-10-19,
2024年Q4用户增长项目-20260713224728-262,6,变现模式与付费转化,operation,| 点击了解 | | | | | |,步骤6操作: | 点击了解 | | | | | |,pending,medium,2024-10-19,
2024年Q4用户增长项目-20260713224728-263,6,变现模式与付费转化,operation,| 进入付费页 | | | | | |,步骤6操作: | 进入付费页 | | | | | |,pending,medium,2024-10-19,
2024年Q4用户增长项目-20260713224728-264,6,变现模式与付费转化,operation,| 发起支付 | | | | | |,步骤6操作: | 发起支付 | | | | | |,pending,medium,2024-10-19,
2024年Q4用户增长项目-20260713224728-265,6,变现模式与付费转化,operation,| 支付成功 | | | | | |,步骤6操作: | 支付成功 | | | | | |,pending,medium,2024-10-19,
2024年Q4用户增长项目-20260713224728-266,6,变现模式与付费转化,operation,| 续费成功 | | | | | |,步骤6操作: | 续费成功 | | | | | |,pending,medium,2024-10-19,
2024年Q4用户增长项目-20260713224728-267,6,变现模式与付费转化,operation,**付费用户画像**,步骤6操作: **付费用户画像**,pending,medium,2024-10-19,
2024年Q4用户增长项目-20260713224728-268,6,变现模式与付费转化,operation,付费用户特征：_______________,步骤6操作: 付费用户特征：_______________,pending,medium,2024-10-19,
2024年Q4用户增长项目-20260713224728-269,6,变现模式与付费转化,operation,高付费用户特征：_______________,步骤6操作: 高付费用户特征：_______________,pending,medium,2024-10-19,
2024年Q4用户增长项目-20260713224728-270,6,变现模式与付费转化,operation,付费触发场景：_______________,步骤6操作: 付费触发场景：_______________,pending,medium,2024-10-19,
2024年Q4用户增长项目-20260713224728-271,6,变现模式与付费转化,operation,**优化实验**,步骤6操作: **优化实验**,pending,medium,2024-10-19,
2024年Q4用户增长项目-20260713224728-272,6,变现模式与付费转化,operation,实验假设：_______________,步骤6操作: 实验假设：_______________,pending,medium,2024-10-19,
2024年Q4用户增长项目-20260713224728-273,6,变现模式与付费转化,operation,实验方案：_______________,步骤6操作: 实验方案：_______________,pending,medium,2024-10-19,
2024年Q4用户增长项目-20260713224728-274,6,变现模式与付费转化,operation,实验结果：_______________,步骤6操作: 实验结果：_______________,pending,medium,2024-10-19,
2024年Q4用户增长项目-20260713224728-275,6,变现模式与付费转化,deliverable,变现模式设计方案,步骤6产出物: 变现模式设计方案,pending,high,2024-10-21,
2024年Q4用户增长项目-20260713224728-276,6,变现模式与付费转化,deliverable,定价策略文档,步骤6产出物: 定价策略文档,pending,high,2024-10-21,
2024年Q4用户增长项目-20260713224728-277,6,变现模式与付费转化,deliverable,付费转化漏斗分析,步骤6产出物: 付费转化漏斗分析,pending,high,2024-10-21,
2024年Q4用户增长项目-20260713224728-278,6,变现模式与付费转化,deliverable,付费转化优化方案,步骤6产出物: 付费转化优化方案,pending,high,2024-10-21,
2024年Q4用户增长项目-20260713224728-279,6,变现模式与付费转化,deliverable,变现实验报告,步骤6产出物: 变现实验报告,pending,high,2024-10-21,
2024年Q4用户增长项目-20260713224728-280,7,裂变传播与口碑激励,objective,建立用户自发传播的裂变机制,步骤7目标: 建立用户自发传播的裂变机制,pending,high,2024-10-21,
2024年Q4用户增长项目-20260713224728-281,7,裂变传播与口碑激励,objective,通过口碑激励降低获客成本,步骤7目标: 通过口碑激励降低获客成本,pending,high,2024-10-21,
2024年Q4用户增长项目-20260713224728-282,7,裂变传播与口碑激励,objective,打造自循环的增长飞轮,步骤7目标: 打造自循环的增长飞轮,pending,high,2024-10-21,
2024年Q4用户增长项目-20260713224728-283,7,裂变传播与口碑激励,operation,裂变机制设计,步骤7操作: 裂变机制设计,pending,medium,2024-10-22,
2024年Q4用户增长项目-20260713224728-284,7,裂变传播与口碑激励,operation,裂变模式选择,步骤7操作: 裂变模式选择,pending,medium,2024-10-22,
2024年Q4用户增长项目-20260713224728-285,7,裂变传播与口碑激励,operation,邀请有礼：邀请好友双方获奖,步骤7操作: 邀请有礼：邀请好友双方获奖,pending,medium,2024-10-22,
2024年Q4用户增长项目-20260713224728-286,7,裂变传播与口碑激励,operation,拼团砍价：社交拼团享低价,步骤7操作: 拼团砍价：社交拼团享低价,pending,medium,2024-10-22,
2024年Q4用户增长项目-20260713224728-287,7,裂变传播与口碑激励,operation,分享解锁：分享后解锁功能/内容,步骤7操作: 分享解锁：分享后解锁功能/内容,pending,medium,2024-10-22,
2024年Q4用户增长项目-20260713224728-288,7,裂变传播与口碑激励,operation,助力加速：好友助力获得加速,步骤7操作: 助力加速：好友助力获得加速,pending,medium,2024-10-22,
2024年Q4用户增长项目-20260713224728-289,7,裂变传播与口碑激励,operation,分销返佣：推荐购买获佣金,步骤7操作: 分销返佣：推荐购买获佣金,pending,medium,2024-10-22,
2024年Q4用户增长项目-20260713224728-290,7,裂变传播与口碑激励,operation,裂变路径设计,步骤7操作: 裂变路径设计,pending,medium,2024-10-22,
2024年Q4用户增长项目-20260713224728-291,7,裂变传播与口碑激励,operation,分享触发点：在用户体验最好的时刻触发分享,步骤7操作: 分享触发点：在用户体验最好的时刻触发分享,pending,medium,2024-10-22,
2024年Q4用户增长项目-20260713224728-292,7,裂变传播与口碑激励,operation,分享路径优化：缩短分享操作步骤,步骤7操作: 分享路径优化：缩短分享操作步骤,pending,medium,2024-10-22,
2024年Q4用户增长项目-20260713224728-293,7,裂变传播与口碑激励,operation,落地页优化：新用户看到的落地页要吸引人,步骤7操作: 落地页优化：新用户看到的落地页要吸引人,pending,medium,2024-10-22,
2024年Q4用户增长项目-20260713224728-294,7,裂变传播与口碑激励,operation,转化引导：新用户进入后引导完成关键行为,步骤7操作: 转化引导：新用户进入后引导完成关键行为,pending,medium,2024-10-22,
2024年Q4用户增长项目-20260713224728-295,7,裂变传播与口碑激励,operation,激励设计,步骤7操作: 激励设计,pending,medium,2024-10-22,
2024年Q4用户增长项目-20260713224728-296,7,裂变传播与口碑激励,operation,双向激励：邀请人与被邀请人都有奖励,步骤7操作: 双向激励：邀请人与被邀请人都有奖励,pending,medium,2024-10-22,
2024年Q4用户增长项目-20260713224728-297,7,裂变传播与口碑激励,operation,阶梯激励：邀请越多奖励越多,步骤7操作: 阶梯激励：邀请越多奖励越多,pending,medium,2024-10-22,
2024年Q4用户增长项目-20260713224728-298,7,裂变传播与口碑激励,operation,即时激励：完成邀请后立即发放奖励,步骤7操作: 即时激励：完成邀请后立即发放奖励,pending,medium,2024-10-22,
2024年Q4用户增长项目-20260713224728-299,7,裂变传播与口碑激励,operation,物质 + 精神：物质奖励与荣誉感结合,步骤7操作: 物质 + 精神：物质奖励与荣誉感结合,pending,medium,2024-10-22,
2024年Q4用户增长项目-20260713224728-300,7,裂变传播与口碑激励,operation,口碑建设,步骤7操作: 口碑建设,pending,medium,2024-10-22,
2024年Q4用户增长项目-20260713224728-301,7,裂变传播与口碑激励,operation,NPS 提升,步骤7操作: NPS 提升,pending,medium,2024-10-22,
2024年Q4用户增长项目-20260713224728-302,7,裂变传播与口碑激励,operation,定期测量 NPS（净推荐值）,步骤7操作: 定期测量 NPS（净推荐值）,pending,medium,2024-10-22,
2024年Q4用户增长项目-20260713224728-303,7,裂变传播与口碑激励,operation,分析推荐者与贬损者的差异,步骤7操作: 分析推荐者与贬损者的差异,pending,medium,2024-10-22,
2024年Q4用户增长项目-20260713224728-304,7,裂变传播与口碑激励,operation,针对性优化产品体验,步骤7操作: 针对性优化产品体验,pending,medium,2024-10-22,
2024年Q4用户增长项目-20260713224728-305,7,裂变传播与口碑激励,operation,口碑内容沉淀,步骤7操作: 口碑内容沉淀,pending,medium,2024-10-22,
2024年Q4用户增长项目-20260713224728-306,7,裂变传播与口碑激励,operation,引导用户产出评价与分享内容,步骤7操作: 引导用户产出评价与分享内容,pending,medium,2024-10-22,
2024年Q4用户增长项目-20260713224728-307,7,裂变传播与口碑激励,operation,收集与展示用户好评,步骤7操作: 收集与展示用户好评,pending,medium,2024-10-22,
2024年Q4用户增长项目-20260713224728-308,7,裂变传播与口碑激励,operation,建设用户社群促进口碑传播,步骤7操作: 建设用户社群促进口碑传播,pending,medium,2024-10-22,
2024年Q4用户增长项目-20260713224728-309,7,裂变传播与口碑激励,operation,品牌建设,步骤7操作: 品牌建设,pending,medium,2024-10-22,
2024年Q4用户增长项目-20260713224728-310,7,裂变传播与口碑激励,operation,打造差异化品牌认知,步骤7操作: 打造差异化品牌认知,pending,medium,2024-10-22,
2024年Q4用户增长项目-20260713224728-311,7,裂变传播与口碑激励,operation,建立品牌信任度,步骤7操作: 建立品牌信任度,pending,medium,2024-10-22,
2024年Q4用户增长项目-20260713224728-312,7,裂变传播与口碑激励,operation,培养品牌忠诚用户,步骤7操作: 培养品牌忠诚用户,pending,medium,2024-10-22,
2024年Q4用户增长项目-20260713224728-313,7,裂变传播与口碑激励,operation,裂变实验,步骤7操作: 裂变实验,pending,medium,2024-10-22,
2024年Q4用户增长项目-20260713224728-314,7,裂变传播与口碑激励,operation,裂变系数（K 因子）分析,步骤7操作: 裂变系数（K 因子）分析,pending,medium,2024-10-22,
2024年Q4用户增长项目-20260713224728-315,7,裂变传播与口碑激励,operation,K = 邀请率 × 接受率 × 转化率,步骤7操作: K = 邀请率 × 接受率 × 转化率,pending,medium,2024-10-22,
2024年Q4用户增长项目-20260713224728-316,7,裂变传播与口碑激励,operation,K > 1 表示病毒式增长,步骤7操作: K > 1 表示病毒式增长,pending,medium,2024-10-22,
2024年Q4用户增长项目-20260713224728-317,7,裂变传播与口碑激励,operation,K < 1 须优化裂变各环节,步骤7操作: K < 1 须优化裂变各环节,pending,medium,2024-10-22,
2024年Q4用户增长项目-20260713224728-318,7,裂变传播与口碑激励,operation,A/B 测试,步骤7操作: A/B 测试,pending,medium,2024-10-22,
2024年Q4用户增长项目-20260713224728-319,7,裂变传播与口碑激励,operation,测试不同裂变模式,步骤7操作: 测试不同裂变模式,pending,medium,2024-10-22,
2024年Q4用户增长项目-20260713224728-320,7,裂变传播与口碑激励,operation,测试不同激励方案,步骤7操作: 测试不同激励方案,pending,medium,2024-10-22,
2024年Q4用户增长项目-20260713224728-321,7,裂变传播与口碑激励,operation,测试不同分享路径,步骤7操作: 测试不同分享路径,pending,medium,2024-10-22,
2024年Q4用户增长项目-20260713224728-322,7,裂变传播与口碑激励,operation,**活动概述**,步骤7操作: **活动概述**,pending,medium,2024-10-22,
2024年Q4用户增长项目-20260713224728-323,7,裂变传播与口碑激励,operation,活动名称：_______________,步骤7操作: 活动名称：_______________,pending,medium,2024-10-22,
2024年Q4用户增长项目-20260713224728-324,7,裂变传播与口碑激励,operation,裂变模式：□ 邀请有礼 □ 拼团砍价 □ 分享解锁 □ 助力加速 □ 分销返佣,步骤7操作: 裂变模式：□ 邀请有礼 □ 拼团砍价 □ 分享解锁 □ 助力加速 □ 分销返佣,pending,medium,2024-10-22,
2024年Q4用户增长项目-20260713224728-325,7,裂变传播与口碑激励,operation,活动时间：_______________,步骤7操作: 活动时间：_______________,pending,medium,2024-10-22,
2024年Q4用户增长项目-20260713224728-326,7,裂变传播与口碑激励,operation,**裂变路径**,步骤7操作: **裂变路径**,pending,medium,2024-10-22,
2024年Q4用户增长项目-20260713224728-327,7,裂变传播与口碑激励,operation,用户A体验产品 → 触发分享 → 分享给好友B,步骤7操作: 用户A体验产品 → 触发分享 → 分享给好友B,pending,medium,2024-10-22,
2024年Q4用户增长项目-20260713224728-328,7,裂变传播与口碑激励,operation,好友B点击 → 进入落地页 → 注册/下载,步骤7操作: 好友B点击 → 进入落地页 → 注册/下载,pending,medium,2024-10-22,
2024年Q4用户增长项目-20260713224728-329,7,裂变传播与口碑激励,operation,好友B完成关键行为 → 双方获得奖励,步骤7操作: 好友B完成关键行为 → 双方获得奖励,pending,medium,2024-10-22,
2024年Q4用户增长项目-20260713224728-330,7,裂变传播与口碑激励,operation,**激励方案**,步骤7操作: **激励方案**,pending,medium,2024-10-22,
2024年Q4用户增长项目-20260713224728-331,7,裂变传播与口碑激励,operation,邀请人奖励：_______________,步骤7操作: 邀请人奖励：_______________,pending,medium,2024-10-22,
2024年Q4用户增长项目-20260713224728-332,7,裂变传播与口碑激励,operation,被邀请人奖励：_______________,步骤7操作: 被邀请人奖励：_______________,pending,medium,2024-10-22,
2024年Q4用户增长项目-20260713224728-333,7,裂变传播与口碑激励,operation,阶梯奖励：邀请___人获___，邀请___人获___,步骤7操作: 阶梯奖励：邀请___人获___，邀请___人获___,pending,medium,2024-10-22,
2024年Q4用户增长项目-20260713224728-334,7,裂变传播与口碑激励,operation,奖励上限：每人最多邀请___人,步骤7操作: 奖励上限：每人最多邀请___人,pending,medium,2024-10-22,
2024年Q4用户增长项目-20260713224728-335,7,裂变传播与口碑激励,operation,**分享路径优化**,步骤7操作: **分享路径优化**,pending,medium,2024-10-22,
2024年Q4用户增长项目-20260713224728-336,7,裂变传播与口碑激励,operation,分享触发点：_______________,步骤7操作: 分享触发点：_______________,pending,medium,2024-10-22,
2024年Q4用户增长项目-20260713224728-337,7,裂变传播与口碑激励,operation,分享渠道：□ 微信 □ 朋友圈 □ QQ □ 微博 □ 复制链接,步骤7操作: 分享渠道：□ 微信 □ 朋友圈 □ QQ □ 微博 □ 复制链接,pending,medium,2024-10-22,
2024年Q4用户增长项目-20260713224728-338,7,裂变传播与口碑激励,operation,分享文案：_______________,步骤7操作: 分享文案：_______________,pending,medium,2024-10-22,
2024年Q4用户增长项目-20260713224728-339,7,裂变传播与口碑激励,operation,分享图片：_______________,步骤7操作: 分享图片：_______________,pending,medium,2024-10-22,
2024年Q4用户增长项目-20260713224728-340,7,裂变传播与口碑激励,operation,**落地页设计**,步骤7操作: **落地页设计**,pending,medium,2024-10-22,
2024年Q4用户增长项目-20260713224728-341,7,裂变传播与口碑激励,operation,核心卖点：_______________,步骤7操作: 核心卖点：_______________,pending,medium,2024-10-22,
2024年Q4用户增长项目-20260713224728-342,7,裂变传播与口碑激励,operation,CTA：_______________,步骤7操作: CTA：_______________,pending,medium,2024-10-22,
2024年Q4用户增长项目-20260713224728-343,7,裂变传播与口碑激励,operation,新人福利：_______________,步骤7操作: 新人福利：_______________,pending,medium,2024-10-22,
2024年Q4用户增长项目-20260713224728-344,7,裂变传播与口碑激励,operation,**K 因子目标**,步骤7操作: **K 因子目标**,pending,medium,2024-10-22,
2024年Q4用户增长项目-20260713224728-345,7,裂变传播与口碑激励,operation,邀请率目标：___%,步骤7操作: 邀请率目标：___%,pending,medium,2024-10-22,
2024年Q4用户增长项目-20260713224728-346,7,裂变传播与口碑激励,operation,接受率目标：___%,步骤7操作: 接受率目标：___%,pending,medium,2024-10-22,
2024年Q4用户增长项目-20260713224728-347,7,裂变传播与口碑激励,operation,转化率目标：___%,步骤7操作: 转化率目标：___%,pending,medium,2024-10-22,
2024年Q4用户增长项目-20260713224728-348,7,裂变传播与口碑激励,operation,K 因子目标：___,步骤7操作: K 因子目标：___,pending,medium,2024-10-22,
2024年Q4用户增长项目-20260713224728-349,7,裂变传播与口碑激励,deliverable,北极星指标已确定且团队共识,步骤7产出物: 北极星指标已确定且团队共识,pending,high,2024-10-24,
2024年Q4用户增长项目-20260713224728-350,7,裂变传播与口碑激励,deliverable,指标拆解完整且定义清晰,步骤7产出物: 指标拆解完整且定义清晰,pending,high,2024-10-24,
2024年Q4用户增长项目-20260713224728-351,7,裂变传播与口碑激励,deliverable,数据埋点已覆盖全链路,步骤7产出物: 数据埋点已覆盖全链路,pending,high,2024-10-24,
2024年Q4用户增长项目-20260713224728-352,7,裂变传播与口碑激励,deliverable,渠道效果可追踪归因,步骤7产出物: 渠道效果可追踪归因,pending,high,2024-10-24,
2024年Q4用户增长项目-20260713224728-353,7,裂变传播与口碑激励,deliverable,LTV / CAC ≥ 3,步骤7产出物: LTV / CAC ≥ 3,pending,high,2024-10-24,
2024年Q4用户增长项目-20260713224728-354,7,裂变传播与口碑激励,deliverable,A/B 测试保证统计显著性,步骤7产出物: A/B 测试保证统计显著性,pending,high,2024-10-24,
2024年Q4用户增长项目-20260713224728-355,7,裂变传播与口碑激励,deliverable,用户分层运营已建立,步骤7产出物: 用户分层运营已建立,pending,high,2024-10-24,
2024年Q4用户增长项目-20260713224728-356,7,裂变传播与口碑激励,deliverable,裂变防作弊机制已建立,步骤7产出物: 裂变防作弊机制已建立,pending,high,2024-10-24,
2024年Q4用户增长项目-20260713224728-357,7,裂变传播与口碑激励,deliverable,增长实验有优先级排序,步骤7产出物: 增长实验有优先级排序,pending,high,2024-10-24,
2024年Q4用户增长项目-20260713224728-358,7,裂变传播与口碑激励,deliverable,增长数据每周 review,步骤7产出物: 增长数据每周 review,pending,high,2024-10-24,
